Protein1,Protein2
258,268
258,992
258,266
258,254
444,135
444,241
444,131
444,697
444,784
444,1249
444,290
444,442
444,2040
444,252
1207,1208
1207,1207
1207,1212
1207,1210
1207,1548
1207,2119
1207,2079
1207,1209
1207,2103
1207,221
1207,699
1207,1831
1207,1211
1207,1646
1207,1615
1271,1181
1271,1273
1271,1053
1465,1465
595,818
595,861
595,591
595,239
595,595
595,1435
595,858
595,857
595,2290
595,213
595,860
595,1932
595,377
595,859
595,134
595,598
595,1569
595,1679
595,1063
595,537
595,985
595,1726
731,1068
731,721
731,737
731,727
154,1200
154,149
154,155
154,146
154,150
154,689
154,147
154,845
154,1202
242,537
242,126
242,252
1664,1666
1664,1593
1664,591
1664,1665
1664,1642
1664,1534
1664,58
1664,1599
1664,334
1664,1509
1664,1594
1664,1646
2341,2334
1810,1480
1810,1139
1810,1811
1810,1502
1810,1721
1404,1841
1404,1404
1456,1452
1456,2071
711,708
2290,1678
2290,2001
2290,1187
2290,1337
2290,189
106,106
1174,1177
1174,21
1174,23
1174,1176
1174,1175
1174,904
1174,1174
368,988
368,1200
368,1202
368,365
368,266
1133,1132
1390,1388
1390,1386
1390,1389
2023,2022
2021,10
762,767
762,753
762,120
762,765
1968,1276
1729,1646
1067,748
1067,186
1067,1066
1067,854
1067,1067
553,549
1232,176
1232,441
1232,1229
1232,1517
1232,1275
1232,748
1232,1234
1232,737
1232,744
1232,1233
2292,2291
1097,214
1097,212
30,31
30,32
716,508
716,716
1244,1240
498,501
498,199
498,494
498,499
498,1714
498,497
498,290
498,170
498,161
498,496
498,1732
498,472
498,502
498,253
498,826
821,767
821,492
332,442
332,330
773,767
773,765
773,753
2109,302
1890,1443
107,111
107,664
107,113
107,107
107,112
107,1566
107,110
107,108
107,109
1712,1710
1712,1707
484,1442
484,483
484,2022
484,499
600,600
783,302
783,806
783,775
783,888
783,804
1317,1311
576,575
698,697
2248,1624
2248,1043
925,1952
925,1114
925,1122
925,75
925,1117
925,277
925,584
925,1350
925,1817
925,486
925,353
925,628
925,1034
925,588
925,586
925,589
915,915
915,916
158,153
158,261
158,266
158,1202
158,254
158,1201
158,365
158,688
158,146
158,150
158,1144
158,992
158,988
158,158
158,255
158,581
1595,836
1595,1038
1595,537
1595,2273
1595,2138
246,135
246,302
246,131
246,1249
246,1962
246,138
246,442
246,126
1512,19
20,22
20,21
20,1079
20,23
20,20
1518,57
1518,1208
1518,1896
1518,2308
1518,2122
1518,1443
1518,854
1518,1680
1538,290
1538,252
873,399
873,872
873,1392
900,896
900,901
990,268
990,688
990,1435
990,1202
990,992
425,165
425,2257
425,2073
425,651
425,2278
425,1458
425,416
425,302
425,35
425,649
425,357
425,185
425,628
425,163
425,1915
425,133
425,426
425,428
425,644
425,1028
425,650
425,425
425,1962
425,113
425,549
425,61
425,492
425,2010
425,323
31,1346
31,2334
31,183
31,1357
31,1934
31,566
31,648
31,2251
31,2273
31,1707
31,1941
31,1006
31,1038
31,2068
31,338
31,369
31,1378
31,2307
31,1352
31,1358
31,539
31,1028
31,714
31,1372
31,1831
1083,627
1083,1079
1083,1076
1083,1078
324,209
324,210
324,325
1367,939
1423,1423
1423,1288
1423,1424
1561,1063
1561,1560
1530,516
1530,1920
623,304
737,736
737,1237
737,721
737,726
737,730
737,176
737,739
737,728
737,729
737,738
737,1084
737,735
737,733
737,727
737,734
737,723
737,461
737,745
737,725
737,740
737,732
737,1236
737,724
737,748
737,722
737,737
737,744
737,741
1406,461
1406,1406
1039,1038
1039,1281
942,942
894,894
894,891
894,888
697,165
697,372
697,122
697,243
697,697
697,121
697,169
697,252
697,185
697,1249
697,167
697,699
697,700
697,133
697,491
697,442
697,283
697,544
697,882
1619,1004
1619,1614
1619,1817
1745,1651
100,102
100,93
1228,748
1228,176
1529,516
1529,1508
1529,1726
1654,209
1654,627
1177,1714
1177,1144
2091,866
865,644
865,864
865,882
865,318
1257,153
1553,566
736,1068
736,721
736,727
736,1236
2311,2308
2208,591
2208,870
2208,1557
2208,212
1482,1442
1482,784
1482,2238
659,508
659,660
659,217
659,1554
659,671
659,659
659,478
2317,1820
2317,834
1352,1354
1352,1353
1352,1356
1352,1355
746,727
746,390
746,1452
2018,1665
1119,390
1328,58
1328,1330
1328,1328
1328,1329
213,399
213,1346
213,280
213,1900
213,211
213,1554
213,1350
213,664
213,520
213,447
213,296
213,1966
213,1443
1851,2251
1851,1849
118,2138
118,767
118,1240
118,115
118,272
118,1412
118,442
118,2267
118,777
118,6
118,975
1318,1311
1318,1318
655,163
352,946
352,669
352,1950
352,1846
352,949
352,2127
352,1557
352,1484
352,1582
352,887
352,353
352,350
352,351
352,1045
352,1056
352,15
352,588
352,1055
352,1498
874,153
874,593
874,876
874,69
874,276
874,304
874,388
874,626
874,875
874,82
874,303
874,625
874,622
874,620
874,594
874,390
874,208
1635,1489
1635,1496
1635,1487
517,2138
517,516
517,517
771,767
771,765
771,753
989,508
989,1202
989,509
989,992
989,988
989,505
1886,199
1886,2237
1886,1950
1886,184
1886,907
1886,1618
1886,1621
1886,1882
1886,1690
1886,836
1886,2235
1886,1443
1886,2236
1524,57
1524,566
1524,1817
179,1624
179,1583
179,1950
179,184
179,1520
179,1170
179,180
179,183
179,204
179,185
179,179
179,181
179,376
179,1139
179,182
1471,1787
1471,1471
1206,1206
1867,1866
501,617
501,501
501,496
501,494
501,499
501,502
501,497
501,500
501,1221
501,1136
1847,2223
1847,2276
1847,1846
2164,2165
2164,2166
2164,176
2164,441
2164,462
2164,390
2164,2167
2164,1233
560,549
1309,302
1309,149
1309,1310
1309,1925
1309,1680
1309,1040
1309,463
1309,1685
1309,1308
1309,1585
354,350
67,67
136,165
136,131
136,775
136,784
136,134
136,1106
136,2257
136,302
136,252
136,135
136,806
136,1582
136,422
136,492
136,120
136,138
136,442
136,132
1373,1372
1373,516
1373,1310
1373,1373
664,664
664,665
664,627
664,668
664,487
664,666
664,111
664,398
664,667
664,628
664,429
664,94
664,669
664,71
2078,686
2078,2079
2078,115
2078,1605
2078,238
2078,1640
2078,183
2078,1498
2078,1971
2078,1606
2078,1292
2078,2080
2078,1966
625,303
625,867
625,1289
625,1058
625,304
1163,1162
881,442
881,120
2194,2193
351,353
351,350
351,1057
351,2070
351,351
351,949
351,946
351,278
351,1056
452,450
2048,1558
2048,1726
2048,306
2048,2049
300,1866
300,566
300,875
300,2096
300,298
300,1087
300,1120
300,985
300,591
300,390
613,611
492,642
492,1016
492,1099
492,147
492,239
492,834
492,126
492,649
492,163
492,2227
492,442
492,203
492,921
492,243
492,1785
492,2229
492,156
492,2228
492,443
492,544
492,1144
492,162
492,422
492,268
492,826
492,252
492,2006
492,441
492,1017
492,148
492,591
492,1916
492,171
492,490
492,170
492,248
492,546
492,1555
492,167
492,2011
492,133
492,491
492,2230
492,1917
492,644
492,199
492,1814
492,1638
492,169
492,1958
492,135
492,1511
492,138
1345,1966
1345,2084
1345,1337
1345,1900
21,227
21,593
21,155
21,1249
21,920
21,849
1010,153
1010,1012
1010,1010
1010,1013
1010,202
1010,148
1010,229
1010,367
1010,151
1010,170
1010,161
1010,678
1010,157
1010,137
1010,159
1010,336
1010,543
1010,1011
1144,1208
1144,1723
1144,1144
1144,1520
1144,290
1144,1721
1144,1719
1144,1718
1144,1584
1144,1720
1144,1722
1144,221
1144,1724
1019,61
1019,427
1019,644
1019,1019
796,806
796,777
834,302
834,2257
834,120
834,837
834,1714
834,2073
834,827
795,806
795,775
795,505
339,344
339,340
339,346
339,342
339,339
339,147
339,348
339,341
339,382
339,343
339,1129
339,347
339,345
1007,83
1007,627
1007,1004
1007,2261
1007,1008
886,885
1555,302
1555,35
1555,2257
1555,1962
1555,1570
1555,2073
1555,566
1555,985
1555,64
784,1484
784,328
784,1490
784,1500
784,1179
784,1008
784,406
784,1493
784,416
784,578
784,1501
784,1181
784,997
784,775
784,1499
784,1488
784,378
784,1489
784,290
784,381
784,431
784,1395
784,379
784,1486
784,422
784,1502
784,1495
784,1494
784,1478
784,380
784,1497
784,115
784,1481
784,1120
784,1479
784,1483
784,1498
784,1491
784,245
784,1496
784,376
784,1480
784,1031
784,611
784,499
784,1485
784,1407
784,1004
784,1412
784,1444
784,1151
784,1487
784,549
784,1183
784,301
784,1492
784,1139
784,145
784,6
877,227
877,1180
877,648
877,23
877,878
877,877
877,6
877,1690
252,2016
252,243
252,1795
252,1137
252,126
252,1484
252,302
252,127
252,442
252,882
252,131
252,11
252,290
252,1739
252,443
252,252
252,250
252,1793
252,1250
252,1495
252,268
252,121
252,1798
252,165
252,2257
252,122
252,184
252,427
252,1794
252,872
252,1797
252,445
252,1545
252,167
252,1249
252,1915
252,133
252,186
252,132
252,1480
252,1796
252,1593
252,1045
252,880
252,1690
252,135
252,138
252,883
1415,1171
2040,2042
2040,131
2040,2223
2040,243
2040,126
2040,1484
2040,135
2040,133
2040,138
2040,985
2040,631
2040,442
2040,1630
2040,2041
2040,1730
2224,1081
2224,1076
2224,1078
2224,1532
2224,1084
2224,478
661,1353
661,2295
661,662
661,932
661,663
661,584
661,1721
661,1657
661,1516
661,849
661,1767
661,1480
661,661
661,1554
661,1189
661,2296
661,1188
661,1590
661,409
661,296
661,1372
661,2294
2185,1767
1122,1952
1122,584
1122,73
1122,1114
1122,75
1122,586
1122,585
1122,1983
1122,1123
1122,486
1122,628
1122,1111
1122,587
1122,1817
1122,1034
1122,588
1122,1113
1122,589
346,642
346,401
346,344
346,850
346,346
346,342
346,147
346,348
346,383
346,341
346,382
346,343
346,1129
346,347
346,345
56,54
56,55
56,57
56,53
56,11
56,56
56,52
56,59
56,58
891,891
891,892
891,888
1134,918
1134,1132
1589,369
1589,1789
1589,1828
1589,537
1589,1925
1589,1667
1589,1788
1589,1648
1514,1513
539,537
539,1573
1111,209
1111,1952
1111,584
1111,1606
1111,1900
1111,1114
1111,586
1111,1034
1111,588
1111,1817
296,520
296,297
296,499
296,296
296,1247
296,359
1953,1954
1953,328
1953,1955
1953,984
955,951
1001,647
1001,399
1001,459
1001,549
1001,1638
1001,591
1001,80
1117,73
1117,1114
1117,75
1117,1117
1117,586
1117,486
1117,628
1117,963
1117,585
1117,1034
1117,588
1117,1113
1117,589
1190,1491
1190,1188
1651,1744
1651,627
1651,2137
1651,13
1651,156
1651,1746
1651,1808
1651,1659
1651,1650
2148,1038
1460,489
1460,693
1460,1460
1460,1461
1460,1462
1369,1368
414,411
1168,338
1168,234
663,1766
663,1188
663,2361
663,2358
663,2360
663,2359
663,68
663,1337
663,299
965,231
965,972
965,1034
965,1114
965,966
408,406
1696,1554
426,1511
426,644
426,7
426,163
426,184
426,1678
426,1187
426,2299
426,1587
426,416
58,1450
58,1310
58,1896
58,1022
58,941
58,1004
58,2022
58,265
58,1041
58,227
58,1948
58,549
58,1025
58,1817
58,284
58,68
58,1912
35,1016
35,165
35,228
35,122
35,432
35,1874
35,277
35,126
35,1640
35,445
35,1876
35,38
35,163
35,33
35,133
35,1786
35,1875
35,1767
1929,162
1178,1910
1178,1178
1178,1966
1178,92
1178,1870
1178,1443
1178,187
1223,988
1678,1016
1678,1710
1678,1674
1678,2202
1678,1923
1678,428
1678,2070
1678,839
1678,227
1678,973
1678,811
1678,1806
1678,1443
1678,2090
468,465
798,806
798,777
798,804
798,888
798,505
25,24
25,1680
1911,1910
279,1444
279,272
72,823
72,976
72,1452
72,1041
72,68
72,849
72,753
72,396
141,139
141,120
1554,328
1554,69
1554,1702
1554,1699
1554,632
1554,566
1554,1616
1554,1516
1554,1040
1554,1697
1554,1646
1554,1350
1554,1703
1554,199
1554,1701
1554,578
1554,1698
1554,970
1554,1563
1554,1700
1554,633
1554,1542
1554,1695
1554,628
1913,1910
1278,748
2245,111
1958,818
1958,1957
542,583
542,540
542,541
1947,524
1947,2090
1871,1870
1871,428
1871,1896
2173,228
2173,1353
2173,2175
2173,2174
2173,1689
221,111
221,1208
221,217
221,1311
221,290
511,499
978,233
978,972
978,960
978,1175
259,259
259,254
1110,508
1110,1106
1110,478
26,24
602,602
627,627
627,1655
627,1661
627,1579
627,1652
627,395
627,1525
627,416
627,398
627,1662
627,185
627,628
627,1653
627,629
627,127
627,1657
627,283
627,1631
627,1020
627,1578
627,490
627,1660
627,1656
627,575
627,1659
627,1113
627,1658
627,1176
627,1358
627,1650
627,1617
627,1477
627,1602
627,1663
627,1414
627,1159
756,767
756,765
756,753
2204,705
2204,703
1800,648
2054,1954
2054,2053
2054,2264
2054,1682
130,131
130,1106
130,653
130,134
130,652
130,456
130,135
130,2017
130,120
130,249
130,849
130,132
130,638
670,670
670,23
2183,1568
364,361
364,280
2226,2127
797,777
1992,1990
1607,1608
1607,276
1607,1962
1607,1609
1607,1551
1607,1611
1607,177
1607,1337
1607,1486
1607,1610
1607,181
1607,1915
1607,1583
1607,1612
1607,1006
1814,428
1814,120
1814,2030
98,102
98,93
931,931
717,717
717,69
717,719
717,718
66,2171
66,566
66,66
66,2328
66,1548
2240,111
1870,57
1870,321
1870,1353
1870,1476
1870,1337
1870,1858
1870,1615
1870,863
1870,1872
1870,1873
1263,1261
1337,1346
1337,1347
1337,1340
1337,1339
1337,844
1337,850
1337,649
1337,1341
1337,369
1337,1648
1337,1343
1337,1342
1337,471
1337,229
1337,197
1337,1337
1337,674
1337,2189
1337,1344
1337,1338
495,218
495,593
495,1281
495,494
495,833
495,1376
495,569
495,1452
495,885
1781,508
1781,2289
1781,995
1781,2273
1781,2122
482,482
458,456
458,454
458,526
1319,1311
1779,508
1779,2090
863,1100
863,862
631,366
631,633
631,13
631,1022
631,1896
631,982
631,2095
631,632
631,634
631,631
631,1025
631,1114
631,1817
1835,2260
1835,478
1594,2267
1594,537
1594,1605
1594,1966
1594,1682
1594,1443
1594,1680
2195,147
903,2017
903,902
903,120
579,575
75,1038
75,1114
75,1439
75,586
75,584
75,1033
75,1350
75,583
75,68
75,1034
1751,1753
1751,1754
1751,1752
760,767
760,753
283,508
283,1295
283,1866
283,1100
283,2141
283,2022
283,1053
283,632
283,369
283,1559
283,1727
283,1896
283,272
283,829
283,283
283,428
283,1648
283,1038
283,2093
283,1011
283,290
283,197
283,1350
283,1041
283,596
283,1172
283,2161
283,1443
283,189
858,833
513,513
799,806
799,777
799,428
799,123
341,383
341,703
341,147
341,384
341,342
341,348
341,341
341,343
341,61
341,382
341,1129
341,347
341,344
2019,2022
2019,643
849,63
849,168
849,855
849,1063
849,852
849,375
849,398
849,856
849,176
849,185
849,23
849,849
849,854
1659,13
1062,1062
522,522
1744,1063
1744,2138
1744,478
411,411
411,415
411,2184
411,412
411,413
411,861
930,209
930,277
930,399
930,1667
930,1422
1380,1625
1380,1380
116,117
116,635
116,37
116,1130
116,1136
116,115
116,64
116,116
116,349
116,170
462,537
462,439
462,1181
462,867
1787,218
1787,1979
1787,1321
1787,1646
1787,1033
1787,1980
1787,220
1787,223
2117,1665
2117,1666
1,2
1,1
1,3
1511,302
1511,1507
1511,1570
1511,138
1511,1028
1511,133
1511,2002
1282,1281
1336,601
1336,23
1336,168
1336,1336
275,554
275,596
275,1224
275,280
275,272
275,530
275,362
275,302
275,985
275,363
275,275
275,301
275,46
275,2261
275,299
713,712
713,1102
713,1259
713,6
713,2353
1094,214
1094,212
138,165
138,1106
138,290
138,1959
138,147
138,882
138,126
138,302
138,2016
138,167
138,1915
138,442
138,460
138,166
138,243
138,131
138,1440
138,1570
138,134
138,80
138,996
138,135
138,2017
138,120
138,301
138,985
138,1249
138,299
2010,642
2010,1016
2010,171
2010,1775
2010,793
2010,1884
2010,169
2010,135
2010,1789
2010,162
2010,491
2010,1917
2010,460
2010,581
2010,2011
189,1822
189,1714
189,191
189,2001
189,190
189,193
189,192
189,1587
189,189
189,1535
189,1767
2192,818
2192,1703
2192,1919
2192,2007
2192,148
818,399
818,1919
818,1255
818,2191
818,1785
818,844
818,767
818,164
2200,147
1454,1452
22,22
745,1068
745,727
1737,1418
266,366
266,261
266,254
266,270
266,264
266,1435
266,265
266,256
266,260
266,269
266,263
266,268
266,255
1242,1240
82,372
82,1805
82,1378
82,2334
82,1386
82,2022
82,209
82,79
82,1972
82,1896
82,1025
82,2114
82,6
875,1088
875,597
875,1070
875,1071
875,566
875,875
875,1092
875,1089
875,1090
875,390
875,1091
875,1087
555,617
555,555
555,549
555,657
555,1378
555,981
2088,2005
531,530
561,549
515,515
1994,399
1994,373
1994,1995
1112,995
1112,1034
1112,588
1112,1952
923,922
1179,149
1179,537
1179,6
1179,1192
386,1695
386,1663
386,549
386,1950
386,2351
386,1557
386,385
386,827
1198,1197
1198,1368
202,302
202,490
202,356
202,350
202,199
202,591
202,170
202,394
1378,334
1378,1593
1378,1908
1378,1377
1378,1888
1378,1376
1378,1656
1378,826
1051,1051
308,302
308,299
747,727
747,6
1376,23
1376,1145
1376,857
1376,239
1376,1377
1376,860
1376,921
573,573
162,165
162,171
162,163
162,147
162,941
162,872
162,644
162,170
162,416
162,1928
162,167
162,1392
162,1534
162,543
162,490
162,168
162,172
162,169
162,164
162,161
162,162
162,166
1216,1213
937,939
937,936
937,934
1455,1452
529,529
223,217
241,241
241,131
241,243
241,167
241,1249
241,442
241,126
2006,357
2006,1256
2006,1830
2006,1829
2006,2319
2006,2320
2006,239
2006,1785
2006,1828
1868,1565
824,508
824,823
824,1972
824,811
824,238
824,278
824,2022
1937,1181
2081,1942
1893,1443
2169,446
1732,508
1732,995
1732,194
417,554
417,422
417,417
417,64
417,23
417,1412
417,416
728,1068
728,721
186,117
186,1069
186,2349
186,1208
186,290
186,1551
186,1881
186,1218
186,2348
186,187
186,2346
186,2347
186,1521
186,2350
186,1311
186,17
186,186
186,1852
336,777
336,334
336,1213
336,1412
686,236
686,290
686,2189
686,685
49,48
49,1016
49,317
49,1220
49,727
49,683
49,1452
49,173
2137,550
2137,185
2137,1719
2137,1650
1643,1377
695,694
1275,1276
1275,2
1275,1227
1275,1273
1275,1235
1275,744
1275,1272
1275,176
1275,811
1275,1084
1275,748
1061,1061
2285,1063
975,3
975,973
975,2084
975,974
975,975
975,1457
1604,854
2014,1564
2014,2013
157,153
157,214
157,1261
157,146
2016,599
2016,442
2016,126
996,3
996,1296
996,122
996,1099
996,168
996,11
996,172
996,910
996,251
996,1259
996,421
996,996
996,249
996,1101
996,307
996,1297
2274,2273
1441,135
1085,1079
1385,399
1385,1385
1865,209
1016,1016
1016,2257
1016,1017
1016,184
1016,1187
1016,710
1016,445
1016,302
1016,1915
1016,1587
1016,1663
1016,883
1016,375
1016,643
1016,7
1016,329
1016,120
1016,1018
1224,302
1224,59
1224,554
152,153
152,679
152,155
152,146
152,150
152,254
152,505
152,689
152,1201
152,1202
1347,120
1371,1368
285,320
285,1187
285,474
285,919
285,184
285,285
285,1587
285,293
285,289
285,7
285,284
285,543
285,291
285,288
285,292
285,294
285,287
285,286
45,44
45,48
45,1012
45,45
691,153
691,149
691,688
691,150
691,155
691,1028
691,845
691,689
691,1202
839,1187
839,827
288,292
288,284
288,919
288,291
288,1003
288,287
288,293
288,289
288,543
288,474
1030,833
1030,478
1181,1874
1181,1936
1181,199
1181,439
1181,435
1181,440
1181,239
1181,927
1181,1086
1181,1509
1181,149
1181,301
1181,441
1181,1938
1181,6
688,508
688,366
688,680
688,687
688,264
688,367
688,1205
688,265
688,269
688,150
688,505
688,263
688,255
688,153
688,267
688,690
688,370
688,1203
688,365
688,160
688,509
688,268
688,371
688,257
1690,1666
1690,1680
1738,1151
1738,1647
1738,1739
1294,2308
1294,1187
1294,1294
1294,1060
115,117
115,115
115,64
948,946
948,183
1151,2257
1151,1983
1151,318
1425,1425
2096,1989
2096,597
2096,1976
2096,591
2096,170
2096,544
2096,161
2096,823
2096,1919
2096,2097
2096,828
2096,172
2096,61
2096,1785
2096,2098
740,1068
740,721
740,727
740,1201
1829,147
1829,1828
1543,566
2001,2189
2001,190
254,254
254,270
254,264
254,992
254,261
254,265
254,256
254,260
254,269
254,271
254,262
254,268
254,263
254,257
254,267
254,255
2061,1896
2061,499
823,388
823,825
823,827
823,548
823,622
823,823
823,547
823,247
823,826
972,967
972,644
972,1114
972,1135
972,1116
972,399
972,966
972,970
972,972
972,962
972,963
972,964
972,722
972,1034
972,231
972,960
972,959
2261,260
2261,1140
2261,1510
2261,1008
2261,1311
2261,2262
2261,2263
222,57
222,217
222,472
1442,1442
1442,1520
1442,1479
1442,588
1442,1443
1442,1501
270,992
270,1435
1558,566
1468,693
1468,1468
594,591
594,1628
594,1058
1702,1496
1702,209
1702,2089
1702,1509
521,521
651,727
651,1311
651,1395
651,1350
651,1403
2334,328
2334,2275
2334,1593
2334,238
2334,1485
2334,1175
2334,578
2334,1691
2334,1229
2334,376
2334,1695
647,1028
647,644
647,163
647,1377
647,61
647,198
647,428
1509,2336
1509,2267
1509,1666
1509,1418
1509,648
1509,1680
1509,1685
1509,1507
1509,732
1509,1983
1509,1880
1509,1682
1509,588
1509,1443
1509,1192
2353,2354
2353,496
2353,1040
70,1038
70,566
70,2287
70,1210
70,1849
70,68
70,943
70,588
70,699
70,2119
637,637
641,61
641,1028
641,644
641,648
641,428
1260,1259
1031,566
1031,1358
1031,833
1031,1974
1031,1647
1031,2022
1031,1357
1031,2307
199,1208
199,372
199,2073
199,1647
199,201
199,2257
199,1021
199,170
199,2273
199,887
199,150
199,1896
199,200
199,1392
199,203
199,1577
199,826
199,153
199,161
199,199
199,1625
199,2022
199,1569
199,679
199,1831
199,732
199,137
199,1854
199,537
199,1323
199,1685
763,767
763,765
763,753
1605,508
1605,1624
1605,1623
1605,358
1605,1680
1605,2138
1605,2022
1605,1564
1605,2013
1605,2238
1605,854
1022,642
1022,644
1022,1478
1022,1498
1022,1137
1022,1314
1022,1545
1022,643
1551,566
1551,833
1551,1443
1551,2022
169,1808
169,165
169,490
169,1570
169,591
169,126
169,302
169,135
169,1053
169,120
169,172
169,1915
169,1249
169,442
1717,1714
1259,1259
1259,168
1259,11
1259,910
1259,307
1259,253
822,767
822,120
1667,1276
1667,1668
1667,1517
1667,1669
685,236
685,685
1414,61
1414,422
1414,1412
1981,442
1981,126
1981,1982
2090,57
2090,1950
2090,184
2090,1187
2090,887
2090,1739
2090,1618
2090,7
2090,1602
2090,496
2090,1587
563,549
1322,1322
1985,1983
1985,1192
1573,1418
1573,6
1504,1503
601,508
601,566
601,1418
601,1962
601,995
601,601
601,2318
601,854
1283,1284
1283,1285
1283,238
1283,200
1368,1199
1368,1370
1368,1368
101,102
101,93
1381,1382
1381,1383
1381,1381
1381,94
1381,1384
571,1038
571,569
571,882
571,1444
46,442
46,1208
46,278
46,298
46,280
46,212
46,1225
46,1028
46,1808
46,1021
46,302
46,44
46,549
46,61
46,1714
46,318
46,299
1903,210
2193,1114
2193,1040
2193,1793
2193,1577
2193,1775
2193,1055
855,855
855,856
855,1100
855,852
855,854
855,2094
550,549
550,537
550,850
550,500
550,2268
550,1614
892,888
2072,231
2072,232
1918,1915
226,1571
226,616
226,2257
226,709
226,1570
226,147
226,156
226,226
226,710
226,708
226,1572
2030,1480
2030,1610
2030,549
2030,1501
2030,2032
2030,2031
2030,652
2030,126
2030,2033
1854,209
1124,1128
1124,1126
1124,1124
1124,1114
1124,1127
1124,1125
1164,1162
610,603
1957,147
1957,1919
1957,549
463,1767
463,3
463,1852
463,968
463,1621
463,1721
463,1077
463,2335
463,128
463,1076
463,61
463,463
463,145
463,1618
463,1084
463,1498
781,806
781,775
554,1638
554,1933
554,591
554,407
554,406
554,1934
554,583
554,549
554,80
554,985
554,1020
470,465
1815,1063
1815,1742
86,86
86,87
2343,196
445,135
445,131
445,882
445,165
445,61
445,442
445,428
1077,1079
1077,1076
1077,1078
1812,2017
1812,653
1812,120
53,54
53,55
53,1491
53,53
53,57
53,78
53,52
53,59
185,593
185,1599
185,1038
185,709
185,844
185,2238
185,396
185,850
185,520
185,1912
185,2268
185,1194
185,510
2209,2211
2209,2210
2209,1394
2313,453
1720,1764
1720,2084
1086,2257
1086,1326
1086,1078
712,1962
712,540
712,712
712,1311
1669,1877
1669,2273
1669,835
338,233
338,338
338,590
338,1704
338,147
338,156
338,1705
338,234
338,1394
338,335
338,334
338,1169
338,1706
338,507
338,337
895,147
895,156
73,1114
73,586
73,584
73,1033
73,583
73,752
73,2143
73,585
73,714
73,68
73,1034
73,588
73,1952
1849,1478
1849,1073
1849,1776
1849,1495
1849,1850
786,806
786,777
786,775
786,804
1214,1213
2108,302
1279,232
1279,1280
1279,184
1279,1279
1279,231
1279,6
496,2138
496,500
496,499
496,837
496,1435
496,566
496,1896
496,2113
496,494
496,1817
1972,1973
1972,1861
1972,1500
1972,4
1972,1577
1972,1113
1972,1621
1972,1739
1556,566
714,714
714,715
534,534
533,530
2071,2070
912,911
37,490
37,946
37,864
37,60
37,1100
37,172
37,1106
37,1375
37,549
37,33
37,249
37,1392
1666,1276
1666,1946
1666,2266
1666,1962
1666,1665
1666,1642
1666,1944
1666,1841
1666,1869
1666,1615
1666,1910
1666,1912
1666,1534
1405,1405
1877,1879
1877,1396
1877,1878
1884,1915
1884,1443
1291,1289
1997,1563
998,399
987,505
1154,1153
1154,1157
1154,1154
1154,1155
1379,398
1379,23
1379,811
1379,212
1379,1379
1379,1053
1741,1028
1741,1803
2178,1912
1736,1418
267,261
267,264
267,1435
191,1476
191,1521
191,190
2133,1726
1791,1568
461,1068
461,176
461,439
461,721
1394,974
2239,2220
409,406
938,939
938,936
938,934
2272,830
1015,1015
1411,1411
2242,111
1361,1360
1361,1361
652,2110
652,653
652,120
652,1962
652,652
652,1435
652,2112
652,1896
652,249
652,376
652,442
1755,1758
1755,1756
1755,1757
1755,1896
1755,1517
2202,184
2202,586
2202,1187
2202,469
2202,850
2202,1287
2202,7
2202,1974
2202,2203
2202,1583
2202,2100
370,1200
370,1202
370,992
370,988
370,1201
370,365
700,2188
700,1129
980,1476
980,980
980,19
980,1491
526,526
5,149
5,2308
5,4
5,1100
90,90
90,91
90,92
1268,1326
1268,811
1268,1053
1268,1273
1826,1004
1826,1618
1671,500
905,453
905,906
905,909
905,450
905,907
905,905
905,908
905,910
2139,2138
68,1817
68,836
68,69
68,2084
68,456
68,2220
68,76
68,1443
68,68
68,1041
68,71
68,74
248,135
248,165
248,131
248,1570
248,1249
248,442
248,126
1101,253
1642,1393
1642,2073
1642,2308
1642,1966
1642,1377
1248,1247
644,642
644,1021
644,416
644,1023
644,649
644,12
644,962
644,163
644,203
644,428
644,543
644,1024
644,658
644,237
644,656
644,643
644,427
644,1020
644,430
644,268
644,848
644,419
644,959
644,401
644,418
644,423
644,1027
644,1774
644,1026
644,546
644,646
644,648
644,421
644,657
644,1025
644,420
644,507
644,166
644,644
644,1028
644,450
644,164
644,433
644,61
644,640
2115,2114
471,465
1862,209
995,1686
995,416
995,1776
995,910
995,1311
995,1637
995,1534
995,1853
995,117
995,144
995,168
995,11
995,1777
995,1769
995,1782
995,1778
995,253
995,1733
995,334
995,446
995,1477
995,145
995,307
1443,1624
1443,1899
1443,1900
1443,1895
1443,584
1443,1525
1443,1885
1443,929
1443,1858
1443,1887
1443,1892
1443,1896
1443,1311
1443,1211
1443,1240
1443,1894
1443,967
1443,1581
1443,1568
1443,78
1443,172
1443,570
1443,1493
1443,966
1443,1476
1443,7
1443,1478
1443,683
1443,1521
1443,210
1443,1883
1443,4
1443,1042
1443,282
1443,1691
1443,1616
1443,1194
1443,1889
1443,1618
1443,1897
1443,1901
1443,1888
1443,1444
1443,1891
1443,356
1443,1358
1443,1898
1443,208
1443,1902
679,508
679,680
679,677
679,570
679,676
679,674
679,509
679,263
679,681
679,671
679,672
679,504
679,682
609,1707
609,603
314,261
477,474
2152,1480
2152,1577
2152,1721
337,334
337,234
1498,2225
1498,2307
1081,231
1081,1079
1081,1076
2214,907
1227,176
1227,811
1227,1053
1227,1273
2036,1493
2036,1650
2036,1637
2036,1487
1899,2340
1899,2138
1100,1808
1100,1261
1100,565
1100,1100
1100,203
1100,201
1100,1265
1100,829
1100,398
1100,1264
1100,628
1100,1266
1100,39
1100,253
407,806
407,1188
407,406
567,549
416,1962
416,401
416,431
416,418
416,423
416,171
416,416
416,430
416,421
416,163
416,429
416,424
416,203
416,428
416,166
416,2330
416,420
416,432
416,1004
416,1412
416,433
416,427
416,149
416,422
416,61
416,419
1834,2022
1834,478
459,135
459,442
459,882
459,1962
459,1249
459,456
808,806
1707,1480
1707,1710
1707,402
1707,1708
1707,1065
1707,1709
1707,195
1707,1713
1707,1711
451,450
1143,1137
826,1295
826,826
826,941
826,1435
826,1680
826,170
826,2022
826,2273
826,1896
826,1025
826,1311
826,1966
826,1817
826,1192
826,2287
826,982
826,1350
826,2249
826,161
826,537
1476,2138
1476,319
1476,1771
1476,2141
1476,1475
1476,2273
1476,2307
1476,1948
1476,2308
1476,1915
1476,1172
658,61
658,1028
658,163
656,61
656,163
656,2308
197,161
197,278
197,1775
197,1767
197,1618
197,196
197,194
197,170
197,198
1362,1362
1362,1363
91,111
91,92
1413,61
1413,1028
1413,422
1413,1412
393,591
393,356
393,394
1188,1188
1188,1191
1188,1372
1188,1189
1188,1193
1188,1152
1188,1192
1478,508
1478,1208
1478,112
1478,290
1478,2288
1478,369
1478,1931
1478,1948
1478,1310
1478,2251
1478,1006
1513,1502
1513,1517
1513,1516
1513,1139
1513,1515
249,1106
249,653
249,134
249,249
249,126
1508,516
1508,1920
1508,1680
1508,1311
1508,519
1508,1685
1508,1507
1091,566
1091,390
1270,1053
657,546
657,282
657,163
657,1730
657,203
907,453
907,209
907,1962
907,1146
907,10
907,1147
907,1150
1435,328
1435,264
1435,1449
1435,1435
1435,1647
1435,1770
1435,256
1435,366
1435,269
1435,265
1435,263
1435,1587
1435,153
1435,1600
1435,261
1435,1769
1435,260
1435,7
1435,329
1435,268
785,806
785,777
785,775
785,505
1596,125
1596,537
1596,1817
566,1546
566,1088
566,1557
566,1500
566,1487
566,1525
566,1549
566,304
566,887
566,628
566,1547
566,71
566,1069
566,597
566,1550
566,1040
566,1070
566,570
566,77
566,1071
566,486
566,391
566,232
566,1089
566,1542
566,144
566,390
566,39
566,1036
566,1093
566,1087
566,4
566,1075
566,2141
566,1120
566,1552
566,566
566,1045
566,704
566,1541
566,1073
566,209
566,1548
566,549
566,1072
566,1544
566,1052
566,1545
548,247
356,356
356,350
356,591
356,394
977,976
1630,302
1630,1765
1630,1978
1630,982
1630,1628
1630,568
2155,636
89,88
804,791
804,782
804,779
804,493
804,805
804,789
1391,1386
1186,6
1528,516
19,2188
19,19
794,806
794,775
754,767
754,765
754,753
2162,2163
2162,1487
976,976
742,721
545,153
545,1240
545,170
545,268
545,872
545,543
1786,508
229,227
229,777
229,280
229,1311
229,549
1960,302
1960,2076
1960,357
1960,1950
1960,1920
1960,1388
232,227
232,1307
232,1680
232,236
232,231
232,1663
232,1131
232,1614
2151,2150
1631,1632
673,508
673,676
673,509
673,677
673,263
673,671
673,673
1052,593
1052,276
1052,147
1052,1058
1052,188
1052,1053
1052,596
1052,558
1052,592
1052,15
1052,1052
580,580
580,581
772,767
772,765
772,753
375,392
375,447
375,372
375,439
375,63
375,435
375,867
375,373
375,294
1990,1710
1990,1991
1044,1041
1044,1303
1044,238
1467,1467
899,896
899,901
1056,1055
1836,2345
1836,478
882,642
882,165
882,243
882,171
882,167
882,884
882,133
882,442
882,203
882,544
882,166
882,882
882,475
882,131
882,378
882,1305
882,1420
882,443
882,135
882,1249
882,121
614,611
265,184
265,277
265,264
265,1202
265,7
265,365
265,268
265,257
265,265
1166,1011
1166,369
1234,748
1234,176
1331,1331
1331,1817
1148,453
1148,1147
597,596
597,1087
597,985
597,591
597,390
1346,398
1346,1459
1346,1346
1346,587
1346,71
1418,1735
1418,1418
1418,1734
949,946
2212,1021
801,806
801,777
801,888
801,505
725,1068
725,721
725,2234
608,603
2289,14
2289,1526
684,209
684,727
684,683
684,388
684,586
684,1220
684,210
684,684
124,120
722,1068
722,2304
722,727
722,1194
722,721
1663,1146
436,439
436,435
215,57
215,216
215,215
1252,153
1252,190
527,527
1258,153
1063,1321
1063,2280
1063,850
1063,1839
1063,2145
1063,1311
1063,1500
1063,2281
1063,860
1063,2284
1063,2279
1063,2282
1063,2283
1063,1063
1063,1183
1063,2034
2011,2084
2011,1570
1033,1036
1033,1909
1033,586
1033,584
1033,1033
1033,486
1033,628
1033,1037
1033,585
1033,1035
1033,1034
1033,588
1033,589
1303,1304
1303,322
1303,323
1303,1303
1312,1311
172,1106
172,2073
172,168
172,11
172,1011
172,172
172,1430
172,237
172,272
172,166
172,638
476,474
648,1799
648,373
648,669
648,1180
648,846
648,369
648,985
648,1517
648,1028
648,1602
648,428
1095,214
167,165
167,147
167,1726
167,872
167,126
167,302
167,1896
167,1249
167,132
167,543
167,131
167,442
167,135
167,149
167,2073
167,456
418,61
418,1880
418,163
1055,2141
1055,1784
1055,1550
1055,147
1055,2070
1055,201
1055,1042
1055,1672
1055,353
1055,1852
1055,1521
1055,15
1055,1602
1055,1055
1650,13
224,1046
224,224
224,217
224,6
480,219
480,480
480,481
480,1288
480,660
480,478
2238,1489
2238,1017
2238,518
2238,1520
2238,1670
2238,699
2238,203
2118,1665
619,617
1225,302
1225,1226
1225,1225
1225,301
880,135
880,442
2307,611
2307,1487
2307,1496
55,54
55,57
55,59
55,52
1948,1546
1948,84
1948,1950
1948,62
1948,1647
1948,1951
1948,1590
1948,1521
1948,1949
286,474
286,919
286,290
286,293
286,316
286,289
286,284
286,543
286,291
286,292
286,294
286,287
286,286
994,1527
994,11
1967,1962
520,520
2050,428
1777,508
1264,1599
1264,318
535,535
1685,2102
1685,1680
1685,1310
1685,1920
1685,519
1685,1585
1021,302
1021,1638
1021,2213
1021,1694
1021,239
1021,1026
1021,544
1021,135
1021,1719
1021,137
1021,301
1021,1785
1021,1917
472,472
1739,2138
1739,1210
1739,1175
1739,41
1739,196
1739,2022
1739,2273
1739,1896
1999,1563
335,334
335,234
181,69
181,1170
181,180
181,183
181,209
181,1912
181,181
181,210
181,182
181,208
181,885
1014,61
1014,1014
2142,2146
2142,2143
851,63
851,581
114,114
114,1408
385,388
385,387
385,385
1578,499
1578,6
153,1200
153,845
153,147
153,367
153,1254
153,1253
153,1255
153,1202
153,170
153,1204
153,146
153,150
153,689
153,214
153,159
153,153
153,155
153,1136
153,690
153,1392
153,156
153,365
153,161
153,160
153,1256
153,985
153,149
294,315
294,474
294,237
294,293
294,316
294,289
294,1065
294,317
294,284
294,543
294,291
294,985
294,748
294,292
294,294
294,287
449,447
1522,57
1550,2273
1550,2022
1489,196
1489,2299
1489,428
1489,2022
1011,1808
1011,148
1011,1011
1011,1775
1011,170
1011,161
1011,373
1011,904
277,399
277,924
277,277
277,927
277,928
277,929
277,926
277,633
277,272
277,1422
277,1446
177,174
1277,147
1277,748
1277,2257
391,1069
391,1073
391,1075
391,1120
391,1070
391,1074
391,1439
391,1071
391,391
391,1912
391,39
391,389
391,1072
2123,1006
2123,2122
1780,508
2028,2022
1527,516
1527,1759
1527,13
1527,1484
902,1137
902,902
902,904
2323,2324
2323,2325
2323,2176
122,302
122,131
122,134
122,1106
122,126
122,135
122,2017
122,120
122,1915
122,1249
122,442
122,132
122,165
4,7
4,195
4,4
4,1880
4,6
2027,2022
2158,2160
2158,2159
2012,591
2012,334
2012,1593
2055,302
2055,2053
282,1726
282,1393
282,272
815,767
815,120
262,992
1146,453
1146,2052
1146,1147
1146,1938
505,508
505,1200
505,791
505,680
505,782
505,503
505,676
505,767
505,505
505,263
505,493
505,992
505,504
505,371
505,1202
505,509
505,988
505,672
505,789
1171,730
1171,212
1171,402
1171,867
1171,1096
1171,1171
1171,214
1171,1416
1171,403
1171,1098
1713,1710
1006,2124
1006,588
1006,1647
1006,209
1006,1358
1006,80
1006,1043
1006,2122
1006,1802
1006,1004
1399,1399
207,207
207,357
958,951
1353,1357
922,922
720,720
565,946
565,549
565,565
888,890
888,791
888,888
888,782
888,889
888,790
1672,500
80,79
80,2053
80,2273
80,1866
80,850
80,149
80,537
80,120
2357,1950
331,330
696,694
909,908
828,388
828,1714
828,827
175,1038
175,174
287,474
287,919
287,290
287,293
287,316
287,289
287,295
287,284
287,543
287,291
287,292
287,287
456,398
456,94
456,454
456,457
456,456
456,460
29,29
1546,1726
1546,196
1546,982
1295,1767
1295,170
870,867
174,178
174,1038
174,176
174,174
174,126
1718,1912
1718,524
123,125
123,131
123,134
123,591
123,129
123,1532
123,1120
123,126
123,135
123,767
123,120
123,1521
123,132
1975,1974
898,896
898,901
126,243
126,126
126,245
126,302
126,127
126,442
126,251
126,1249
126,125
126,131
126,168
126,11
126,1742
126,250
126,537
126,2331
126,121
126,253
126,137
126,1962
126,244
126,132
126,166
126,39
126,78
126,247
126,135
126,120
126,134
126,2216
832,827
848,848
69,102
69,1880
69,530
69,1410
69,867
69,1520
69,1952
69,709
69,1395
69,1053
69,827
69,334
69,195
69,984
69,299
200,170
400,1866
400,137
400,396
71,57
71,1167
71,399
71,1408
71,238
71,1726
71,1827
71,1747
71,1041
71,1582
71,143
71,1817
71,699
71,1034
71,1102
251,846
1825,1004
1825,1817
65,944
65,377
65,60
65,65
1432,1432
1432,194
630,111
630,630
1261,1262
1261,1261
1261,497
1261,792
1261,159
1261,151
13,143
13,12
13,13
1748,1747
2176,1912
428,642
428,1187
428,1017
428,184
428,427
428,171
428,170
428,646
428,421
428,163
428,507
428,203
428,428
428,166
428,1808
428,1638
428,164
428,643
428,1520
428,2051
428,433
428,61
428,645
428,640
2156,1966
2156,373
422,575
422,171
422,1004
422,431
422,1412
422,544
422,422
422,1838
422,424
422,1638
1502,508
1502,1816
1502,1613
1502,2315
1502,2022
1502,430
1502,1915
1502,1679
1502,1377
1521,57
1521,2138
1521,1674
1521,1614
1521,2022
1521,1038
1521,537
1521,6
1521,2267
1521,210
1916,1915
1138,1137
1393,1480
1393,578
1393,1393
1393,1517
1393,17
1393,1721
939,160
939,940
939,2077
939,150
939,939
939,934
819,767
680,1202
1408,1408
148,1255
148,155
148,2073
148,357
148,146
148,1458
148,932
519,516
724,1068
724,727
724,1236
724,2308
724,721
2053,1820
2053,611
2053,1487
2053,1496
2053,1557
2053,302
2053,147
2053,1477
2053,1858
2053,1897
2053,210
348,147
348,382
348,1129
348,703
16,508
16,16
481,156
481,481
481,478
1440,135
1440,131
1440,1962
1440,290
572,572
2170,210
1956,1491
2355,1587
2355,1187
1132,918
1132,1132
1694,1680
2147,1908
2147,940
236,1307
236,233
236,1305
236,2084
236,234
236,1680
236,227
236,1306
236,2082
236,236
236,2206
236,231
236,1131
1866,1602
1355,1357
134,125
134,131
134,78
134,129
134,134
134,135
134,128
134,120
134,121
134,132
1332,1333
1332,1332
145,2260
145,2022
145,1680
145,1679
145,1905
145,1983
145,430
145,1025
145,1934
145,145
145,1817
145,1377
1603,854
344,850
344,382
344,1129
344,2216
1403,1403
1403,187
1046,1106
2065,1025
2065,1896
2065,2143
104,105
104,104
1098,214
1098,402
1098,212
935,934
1792,1647
1792,1568
1118,585
768,1469
768,767
768,753
768,170
829,1624
829,1045
829,1487
829,388
829,1484
829,827
1068,788
1068,726
1068,732
1068,739
1068,729
1068,738
1068,733
1068,727
1068,734
1068,723
1068,730
1068,735
1068,741
536,536
1559,1496
552,549
12,14
12,12
1896,328
1896,1876
1896,243
1896,1449
1896,1577
1896,1618
1896,1599
1896,1691
1896,2062
1896,1354
1896,1285
1896,17
1896,2064
1896,238
1896,2068
1896,2063
1896,74
1896,1520
1896,2066
1896,334
1896,2067
1896,1045
1896,376
1896,1930
1633,1634
442,243
442,879
442,245
442,302
442,1516
442,1517
442,127
442,442
442,443
442,460
442,165
442,2257
442,1108
442,133
442,491
442,132
442,166
442,490
442,164
442,135
442,61
442,1249
442,883
442,640
1289,208
1289,1292
1289,1289
1289,1293
1289,1290
954,951
812,806
769,753
1384,2220
1107,1106
2223,1610
2223,301
2172,328
2172,334
2172,329
2172,591
982,1579
982,1487
982,1891
982,825
982,1311
982,144
982,1852
982,1377
238,2273
238,398
238,1606
238,1910
238,1285
238,209
238,2138
238,238
238,1326
238,2022
238,227
238,1287
238,479
238,120
238,1286
238,1045
1612,59
1494,1714
970,209
970,399
970,233
970,231
970,966
1071,1079
1071,1076
1071,1069
1071,1078
1071,390
1071,1563
1071,1087
479,478
430,374
430,163
430,61
430,2099
430,1493
360,357
960,967
960,399
960,1034
960,979
960,966
960,962
960,963
960,964
960,231
960,959
960,960
960,628
950,946
950,183
1586,1585
1586,1568
791,777
791,775
791,1350
791,6
1182,1208
1182,6
687,1200
687,149
687,150
687,155
687,845
687,689
792,777
792,775
473,473
1614,57
1614,1621
1614,1620
1614,887
1614,1617
1614,1358
1614,1615
1614,585
1614,1516
1614,1491
1614,231
1614,1622
1614,1618
1614,1616
1153,1158
1153,1153
1153,94
1153,1157
1153,1155
1153,1156
1308,1308
1308,1310
1308,1585
1308,1680
2120,2119
2120,2264
1709,83
1709,1710
1076,2
1076,2138
1076,1082
1076,1070
1076,1080
1076,1563
1076,1079
1076,1076
1076,1078
748,112
748,1231
748,176
748,1053
748,1274
748,1272
748,1273
748,727
748,1326
748,752
748,748
748,744
748,811
528,528
1915,243
1915,239
1915,171
1915,245
1915,540
1915,133
1915,544
1915,1917
1915,166
1915,135
1915,1785
1915,1919
1915,1250
1915,61
1915,1139
2131,1726
2131,278
1683,1680
512,499
512,1194
2046,966
2046,2069
701,702
1808,1989
1808,1099
1808,147
1808,170
1808,302
1808,1545
1808,1757
1808,166
1808,1593
1808,544
1808,135
1808,1590
1808,301
1808,61
1808,1249
1808,376
952,951
1638,1714
1638,835
1638,837
1638,2143
1638,2299
1638,2086
1638,120
1638,985
1638,1974
2217,2216
1433,1028
1881,1880
487,485
1176,499
1176,195
1176,6
455,454
1469,1469
1247,74
1247,64
2005,2004
2005,1721
1615,2138
1615,1900
1615,1040
1615,1665
1615,2141
1615,1817
1615,209
1615,2220
1615,1841
1615,210
1615,1828
1615,1831
816,767
15,676
15,1310
15,15
15,1817
502,617
502,500
502,499
502,1714
502,494
502,1172
1930,427
97,102
97,93
198,508
198,837
198,633
198,195
198,196
198,194
198,1656
944,944
838,1388
838,827
2330,633
1137,1140
1137,1034
1137,94
1137,1141
1137,1137
1137,1142
1137,1139
2144,1434
2144,665
2144,2145
2144,1532
1359,1357
2095,142
2095,139
2095,1599
245,2257
245,537
813,806
369,1167
369,155
369,1689
369,210
369,1281
369,1202
369,365
369,643
369,209
369,170
369,1802
369,988
369,17
342,382
342,1129
940,936
940,934
962,231
962,1034
962,399
962,966
706,706
706,1714
706,707
1402,1402
1402,301
117,508
117,1962
117,59
117,349
117,635
117,2260
117,1388
117,478
968,231
968,966
755,753
1693,1680
802,802
802,777
802,23
802,1145
1772,1919
1772,1900
1772,1771
1772,2044
1772,376
1772,2000
1772,390
1588,537
2301,2122
852,850
852,63
852,854
800,1221
800,777
800,1213
800,1412
1334,1334
1334,17
847,846
537,243
537,239
537,1253
537,1218
537,1591
537,611
537,133
537,132
537,1017
537,399
537,1592
537,1597
537,538
537,1598
537,1590
537,376
537,1593
1910,1914
1910,1665
1910,1912
1910,1646
87,508
87,1475
2198,147
866,866
636,636
682,676
1813,120
437,147
437,439
437,214
437,435
437,212
383,382
383,1129
383,617
1613,1599
1613,334
1613,1487
1613,1491
1613,1602
1613,1493
1613,1060
758,767
758,765
758,753
758,1386
810,806
591,593
591,276
591,1505
591,592
591,302
591,304
591,2093
591,1458
591,598
591,2267
591,596
591,303
591,120
591,833
591,39
591,390
190,1500
190,313
190,1962
190,1501
190,190
190,312
190,310
190,311
190,2283
190,192
190,2332
190,309
1839,1838
961,231
961,1034
961,1114
961,966
514,514
1506,111
1506,290
1506,2254
1506,1505
1506,1931
57,2141
57,1324
57,1520
57,1526
57,2127
57,1525
57,388
57,54
57,2220
57,6
57,195
57,585
57,1817
57,1966
57,52
57,57
57,1900
57,1040
57,1113
57,2143
57,927
57,1523
57,1444
57,7
57,509
57,76
57,1519
57,588
57,59
1243,1240
1210,54
1210,1208
1210,1212
1210,1587
1917,1570
1917,2247
1917,133
1197,1199
1197,1197
2231,2233
2231,1040
2231,2232
2231,1971
2231,585
188,304
188,1058
188,867
188,92
316,302
316,315
316,316
316,291
316,292
316,317
1238,1239
1238,1238
475,474
160,149
160,155
160,146
160,150
160,689
160,845
160,1202
7,1674
7,1923
7,227
7,811
1060,1059
1060,1714
951,956
951,953
951,957
1831,1833
1831,1832
1831,1627
1684,1680
1805,302
1805,184
1805,1806
1805,1520
1805,1807
1147,453
1147,1895
1147,1150
817,767
1470,1470
1437,1437
1437,1438
668,833
668,699
668,1281
730,727
730,1273
730,1927
730,721
730,1926
732,727
732,721
1477,1475
1477,290
1477,1647
1477,2273
1363,243
2206,1276
2206,2207
506,503
506,872
506,992
1211,1208
775,322
775,864
775,782
775,793
775,209
775,777
775,325
775,493
775,775
775,203
775,778
775,780
775,779
775,776
775,788
775,790
775,789
775,210
775,787
2136,2135
639,1358
639,1357
639,638
1009,1008
690,149
690,150
690,155
690,845
690,689
677,676
677,674
677,378
677,1756
677,1479
677,570
677,671
779,806
1135,120
1135,1175
379,378
1750,503
1618,1726
1618,2299
1618,966
1618,227
1618,973
1618,1310
1618,1983
1618,195
1618,1817
1618,1377
2256,328
1360,1360
2097,2257
963,399
963,1034
963,966
963,1114
963,585
963,231
963,584
988,366
988,508
988,1205
988,365
988,988
988,509
988,263
988,681
988,371
988,504
988,255
17,1568
17,17
588,1624
588,1114
588,1952
588,584
588,2251
588,1501
588,1034
588,1817
588,1648
588,1767
588,2138
588,399
588,585
588,486
588,128
588,586
588,589
588,2043
588,583
588,209
588,353
588,587
588,1043
588,1966
588,2070
588,1113
588,1350
588,1041
588,1038
588,1983
588,1801
588,1621
1845,1172
626,304
837,84
837,1610
837,388
837,827
2045,2086
2045,1726
2045,973
893,893
893,854
1752,1983
1120,549
1120,1069
1120,39
1120,2265
1120,2308
1120,390
1427,61
2125,1966
1064,1064
39,1069
39,1449
39,1246
39,1726
39,1439
39,1041
39,549
39,33
39,231
39,389
39,2127
547,247
749,749
729,721
729,727
95,102
95,93
95,1768
879,290
474,543
474,919
474,147
474,290
474,289
474,284
474,291
474,292
2270,328
2270,2271
835,827
1222,1221
1351,1350
1313,1311
1080,1429
1080,1079
1080,1078
1576,6
1534,2308
1534,290
1534,1680
1601,854
48,44
48,48
1590,836
1590,1983
1590,2138
1590,1817
1590,1680
1590,1038
1983,1989
1983,665
1983,1114
1983,1986
1983,586
1983,1621
1983,1987
1983,1691
1983,1581
1983,1984
1983,1767
1983,1434
1983,1824
1983,1753
1983,1988
1983,1350
1983,374
1983,1919
1983,1852
1856,209
247,247
1349,1349
932,933
932,932
1852,836
1852,1545
1852,1025
1852,2299
1852,2022
2107,302
1307,231
761,767
761,753
401,163
401,402
401,401
401,61
401,1129
401,404
401,767
401,403
1749,209
1749,1747
1940,1629
239,302
239,399
239,2257
239,920
239,227
239,278
239,885
689,1200
689,155
689,845
689,149
689,1202
689,150
689,689
689,371
2257,1497
2257,2259
2257,28
2257,1691
2257,544
2257,1646
2257,135
2257,83
2257,1557
2257,74
2257,549
2257,872
2257,61
2257,2157
2257,1043
2257,2258
42,40
1348,1348
150,367
150,170
150,146
150,150
150,263
150,255
150,155
150,1202
150,149
150,371
103,102
103,93
103,1768
947,946
947,2084
947,183
1311,508
1311,1321
1311,1934
1311,2251
1311,1315
1311,2308
1311,1311
1311,1320
1311,1316
1311,674
1311,1912
1311,1314
1087,1088
1087,1087
1087,1073
1087,1070
1087,1089
1087,390
1087,1072
43,40
1557,1621
1557,1255
1557,1680
1557,1944
1557,120
1557,2056
1557,2126
914,911
1962,642
1962,1497
1962,1965
1962,1665
1962,1599
1962,133
1962,491
1962,1769
1962,228
1962,1963
1962,544
1962,1966
1962,715
1962,171
1962,1249
1962,1964
1962,640
347,850
347,147
347,382
347,1129
1803,1208
1803,1599
1325,102
541,583
541,540
541,1545
541,2092
541,237
541,541
1726,556
1726,1725
1726,1520
1726,1254
1726,586
1726,1187
1726,2130
1726,2132
1726,1484
1726,2129
1726,2134
1726,1341
1726,1517
1726,1516
1726,1043
1726,1034
1726,1646
1726,2086
1726,1581
1726,943
1726,1719
1726,933
1726,1045
1726,376
1726,1721
1996,1900
1996,1563
1200,366
1200,508
1200,367
1200,1202
1200,263
1200,371
1200,1200
782,806
782,777
173,173
1410,1410
1876,2302
1876,2056
1213,1012
1213,276
1213,1217
1213,1412
1213,1213
1213,1215
284,919
284,290
284,293
284,289
284,284
284,291
284,292
1516,1993
1516,1628
1516,1563
774,765
774,753
330,333
460,135
460,1714
8,8
230,227
230,854
2111,2110
2253,504
485,486
485,488
485,94
485,398
485,485
485,23
11,168
11,11
11,910
11,64
11,540
11,10
11,253
11,299
1444,1444
1444,74
843,843
843,212
843,85
674,676
674,322
674,1202
674,671
420,61
420,163
1452,201
1452,1048
1452,1452
1452,23
1452,1453
1452,359
6,1575
6,1580
6,941
6,1187
6,1184
6,1180
6,357
6,1185
6,997
6,1419
6,1579
6,1581
6,184
6,1113
6,1574
6,149
6,6
6,1577
6,18
6,1183
180,183
292,919
292,147
292,290
292,293
292,918
292,289
292,917
292,543
292,291
292,292
81,79
1616,1944
1616,209
1616,524
1616,1900
1616,1606
1616,1912
1616,1966
1616,2141
1624,2266
1624,2252
1624,209
1624,2114
1624,509
1624,2308
1624,1629
1236,733
1236,1680
1050,1050
1439,135
1439,131
1439,1912
1439,1439
928,1396
928,1386
2221,83
1049,1049
1049,1047
1565,1566
1565,1501
1806,1905
1806,184
1806,1587
1806,1187
1806,2022
1103,1102
214,596
214,276
214,212
214,402
214,211
214,1096
214,404
214,403
214,302
214,214
214,299
1392,237
1392,497
1392,151
1392,170
1392,161
1392,1109
1392,493
1392,1392
1392,1152
753,767
753,765
753,764
753,770
753,753
753,757
753,766
753,219
753,759
2266,1593
2266,1487
2266,1602
2266,373
2266,1665
2337,2336
1114,1114
1114,586
1114,584
1114,2251
1114,628
1114,585
1114,1034
1114,1115
1114,1817
1114,1767
1114,1640
1114,587
1114,1113
1114,1116
1114,457
1114,966
1114,486
1114,1952
1114,589
402,212
402,147
1040,500
1040,1038
1040,1817
83,79
83,1269
83,306
83,1475
83,147
83,156
83,1647
83,709
83,406
83,611
83,1487
83,61
83,2222
83,1020
1326,1327
1326,1326
1326,811
1326,1053
404,212
966,967
966,2047
966,584
966,1116
966,231
966,1034
966,959
643,1028
643,1545
643,163
643,61
643,2020
1194,499
1194,398
1194,628
1194,1194
1194,2135
1194,699
1194,373
1194,510
268,991
268,992
268,261
268,272
268,263
268,166
268,611
268,806
268,120
268,64
268,268
1583,1582
1583,2299
1089,390
453,453
453,919
453,450
453,1149
453,2314
453,1150
453,318
1818,1817
395,508
395,395
1600,508
1600,1568
1600,1647
1600,2022
1600,1680
1600,854
1600,478
355,2356
355,1912
355,350
355,854
355,1585
2059,2058
741,721
741,727
1045,524
1045,196
1045,2022
1045,1131
1045,1041
1045,1817
1844,1172
727,147
727,721
727,726
727,743
727,739
727,23
727,738
727,733
727,727
727,734
727,744
507,1028
507,872
507,163
507,61
507,503
261,261
261,264
261,992
261,260
261,1202
261,365
261,257
261,263
376,377
376,1680
376,2022
376,836
376,1582
376,2143
376,376
61,642
61,302
61,649
61,2073
61,382
61,203
61,443
61,1028
61,1428
61,423
61,64
61,646
61,421
61,1129
61,166
61,1165
61,60
61,767
61,433
61,301
61,61
61,299
84,79
1458,1412
1165,1165
1541,1680
1740,1028
1920,518
2070,887
2070,353
2070,1587
2070,1581
2070,1647
1116,2114
1203,1202
438,435
1310,2101
1310,1621
1310,1680
1310,209
1310,2315
1310,2102
1310,1585
120,1487
120,676
120,820
120,1501
120,127
120,203
120,921
120,125
120,131
120,1570
120,129
120,1493
120,544
120,128
120,334
120,985
120,121
120,137
120,765
120,133
120,132
120,1599
120,78
120,135
120,549
120,120
64,1038
64,1424
64,1136
64,388
64,170
64,635
64,649
64,164
64,163
64,62
64,390
64,60
883,135
883,2000
883,290
1802,1599
1802,1817
1802,1564
1397,1397
439,441
439,23
439,435
439,440
439,439
315,315
315,274
315,318
315,317
1655,209
1655,499
264,257
264,992
264,1202
1053,276
1053,63
1053,1053
1053,1272
1053,1267
1053,166
1053,733
1053,1269
1053,1273
1053,752
1053,744
1053,811
862,862
366,1202
366,1201
366,365
615,611
1445,1445
1002,399
159,844
159,146
2277,1255
860,1008
692,397
1038,1487
1038,2273
1038,1484
1038,1819
1038,1949
1038,628
1038,585
1038,1034
1038,510
1038,1767
1038,178
1038,1689
1038,1038
1038,1721
1038,1887
131,165
131,243
131,171
131,133
131,203
131,132
131,125
131,131
131,135
131,128
131,121
1674,1240
1674,1675
1674,184
1674,1676
1674,1587
1674,1187
1674,1677
1570,165
1570,1989
1570,443
1570,1250
1570,170
1570,133
1570,1785
1819,1817
161,490
161,155
161,2073
161,146
161,291
2004,2008
1761,1621
78,135
78,132
2264,1966
634,632
1160,699
1204,1202
699,94
699,1159
699,570
699,23
699,2316
699,1161
699,398
699,934
699,429
699,669
699,699
699,510
323,209
323,523
323,210
323,325
665,1912
665,1281
665,1817
603,605
603,603
603,607
603,606
603,604
830,388
830,1041
830,2138
830,827
2034,811
34,33
1246,2
1422,926
1422,633
1422,1422
1422,187
1422,929
974,3
974,973
974,974
1255,578
1255,329
1255,147
1255,1703
559,549
1042,1817
1042,1025
1042,1041
1042,1350
1637,508
1637,1673
1637,1621
1637,1636
693,693
1510,1507
353,1167
353,1950
353,2187
353,946
353,2186
353,1691
353,350
353,1606
1545,1728
1545,1487
1545,2022
1545,2299
1545,1680
1545,833
1545,1966
1804,1599
681,509
1043,499
1043,2093
1043,2143
1043,1041
1043,1507
1043,1912
1043,1966
1043,231
74,319
74,1041
74,1568
74,709
74,1192
871,867
319,320
319,319
319,1695
446,508
446,1905
446,446
446,1921
908,908
908,1374
908,2135
361,302
361,176
361,363
361,280
361,361
361,1626
361,362
920,921
967,231
967,1034
260,992
1169,234
1169,1645
345,382
345,1129
1801,1333
1540,290
1172,1843
1172,212
1172,1491
523,209
523,322
523,210
523,523
570,676
570,209
570,671
570,569
1241,1240
642,165
642,1028
642,427
642,872
642,163
642,1129
1531,2017
1531,516
1531,518
709,237
709,709
709,710
709,1582
709,76
709,544
709,708
1092,390
1728,1727
327,327
397,397
397,396
1196,1195
302,1208
302,649
302,164
302,298
302,1770
302,1136
302,544
302,250
302,1109
302,1714
302,985
302,165
302,1497
302,301
302,170
302,1028
302,1976
302,1249
302,133
302,280
302,295
302,549
302,212
302,299
302,1775
302,318
304,867
304,593
304,298
304,703
304,212
304,304
304,1058
304,592
304,303
304,621
304,622
304,620
304,276
304,624
1977,1974
483,483
1660,499
2344,196
2143,703
2143,705
2143,1950
2143,2312
2143,584
203,777
203,165
203,1129
203,163
203,490
203,806
203,767
203,549
1448,1448
1020,212
1020,231
2179,1912
1861,209
1861,1187
1861,195
1673,2305
2321,1564
237,583
237,298
237,435
237,454
237,1449
237,1058
237,170
237,227
237,334
237,272
1762,1621
1564,1560
562,549
1869,1665
872,443
872,509
872,263
872,491
872,371
872,504
872,166
2171,1548
946,946
946,183
205,204
845,155
845,845
845,149
845,1202
845,146
710,710
710,708
423,163
568,1375
568,549
14,14
14,508
945,945
2068,1025
2068,2154
94,102
94,93
94,450
94,1221
556,549
1649,1377
362,280
92,92
1724,1537
1724,1743
733,806
733,721
1725,147
1725,1484
234,227
234,147
234,156
234,231
234,234
820,767
820,765
135,243
135,2278
135,2000
135,2073
135,884
135,443
135,250
135,1250
135,121
135,133
135,132
135,1249
1054,209
1054,325
1969,1484
1424,1424
291,919
291,290
291,293
291,289
291,1436
291,291
1617,209
1617,499
1396,1396
1602,508
1602,836
1602,2138
1602,1647
1602,854
1602,192
1602,1025
1602,2260
2216,676
2216,490
2216,584
2216,329
2216,585
2216,371
2216,2218
628,1004
628,586
628,584
628,1912
628,585
628,1034
1989,2073
2265,596
1473,1473
1923,1924
1923,1900
1923,1487
1923,1587
1923,1187
102,96
102,102
102,99
102,93
1449,1449
1449,2022
1449,854
1066,836
1066,388
1066,831
1066,1066
187,1281
187,896
887,2138
887,1647
887,2141
887,2299
887,1828
887,1966
887,885
887,1817
1563,1084
1563,1950
1563,1560
1563,1647
1563,1721
1563,1998
1563,1072
85,85
997,1407
997,399
1274,1273
504,509
504,1645
504,503
504,992
504,1202
504,811
23,593
23,396
23,303
23,833
543,543
543,290
543,293
543,164
543,289
543,546
543,166
543,544
306,299
2138,2141
2138,209
2138,1500
2138,2140
2138,1493
2138,1004
2138,1949
2138,1358
2138,1139
1688,227
1688,1680
1324,1323
1324,210
1324,499
1324,1880
867,276
867,867
867,303
867,622
867,869
867,868
1395,1395
2025,2022
227,184
227,1187
227,235
227,231
227,1587
227,233
227,228
227,227
227,549
1820,1817
1820,2273
2181,1912
2190,2189
1028,1434
1028,427
1028,1028
1028,421
1028,166
1028,654
1028,1742
1028,164
1028,1023
1028,301
1028,299
2342,196
934,1276
934,936
934,934
1715,1714
2060,833
2060,2205
2060,1646
1580,209
1580,2114
62,62
62,1221
62,60
2043,2299
2043,1966
2043,2267
349,349
349,530
2009,593
54,54
54,195
54,52
54,59
398,1041
398,396
398,632
398,616
398,1281
398,549
398,1102
272,276
272,280
272,168
272,274
272,281
272,1714
272,272
272,278
272,253
272,166
272,273
1491,1480
1491,2058
491,165
491,490
491,1249
424,399
132,129
132,443
132,127
132,121
132,132
209,328
209,322
209,1863
209,1621
209,2308
209,2251
209,325
209,1653
209,1587
209,1857
209,1855
209,983
209,1912
209,307
209,184
209,1187
209,2299
209,1864
209,2326
209,1860
209,910
209,321
209,1824
209,1853
209,209
209,210
209,1858
209,1139
209,1859
1463,1463
1822,1817
499,617
499,1579
499,497
499,1945
499,1542
499,1714
499,1657
499,500
499,1581
499,1480
499,936
499,494
499,499
499,1970
499,1358
1102,1104
1102,1105
1102,443
1102,273
2086,549
1733,194
1733,2022
464,464
1037,2146
1078,2
1078,1079
1078,1084
1078,1072
421,163
919,919
919,290
919,293
919,289
919,917
1123,1421
318,219
318,1109
318,301
318,1152
318,318
1008,1008
2168,165
1837,2340
1837,478
653,653
243,165
243,133
243,2105
243,1240
243,2104
243,290
243,2106
814,767
1952,1767
1952,586
1952,587
1952,1115
1952,583
1952,486
1952,585
1952,1034
1952,1113
1952,589
1451,1451
1770,2022
632,633
632,195
632,429
632,632
649,163
2007,357
133,165
133,427
133,546
133,290
133,443
133,1250
133,1249
133,2331
2003,836
255,365
255,1201
255,1202
255,255
278,1816
278,1647
278,301
278,164
278,278
1628,1939
1628,1629
1628,1377
2116,1665
806,809
806,201
806,805
806,811
806,493
806,807
806,780
806,778
806,790
806,803
806,789
984,2220
984,986
984,985
984,984
1074,1069
750,1496
750,751
750,750
750,2037
750,1041
2063,2308
1079,2
1079,3
1079,1070
1079,1079
1079,1084
510,1167
510,510
510,1041
10,10
803,777
581,334
581,298
581,478
959,585
959,231
959,1034
1070,1069
1070,390
2085,2084
390,1088
390,1072
390,1090
390,389
390,622
390,985
390,390
1692,1680
2153,1180
384,382
170,170
170,767
170,2073
170,493
170,149
170,137
170,2112
577,575
2318,147
2318,704
2318,1727
143,143
143,1487
143,144
143,611
143,1501
146,155
146,147
146,156
146,151
146,149
146,146
765,767
765,766
765,219
765,765
765,764
765,759
1389,1388
1389,1386
1354,1358
1354,2022
654,163
2024,2022
389,217
389,389
389,220
897,896
897,901
166,2278
166,163
166,2326
166,1714
1593,2022
1593,1680
1593,2260
1593,1827
465,465
465,467
465,466
465,469
1581,1900
1581,2251
1581,811
1446,1446
1446,399
365,367
365,1202
365,365
365,371
1858,2114
1858,1966
427,163
1627,1625
1365,1364
1484,388
1484,2022
1484,2273
1484,596
1816,1139
1769,508
1769,2260
1240,1240
1240,137
1240,1245
1645,1942
1645,1943
1645,1377
1644,1377
617,617
617,494
617,497
617,618
617,500
617,382
1520,112
1520,358
1520,1900
1520,388
1520,1629
1520,231
1495,1966
1895,210
584,586
584,584
584,583
584,585
584,1034
584,587
584,1113
584,486
584,589
1219,1218
489,489
1029,833
1401,1401
1629,1665
1629,1939
1629,1113
1629,1646
1629,589
764,767
1648,147
1648,210
1648,1377
1281,1281
1281,669
1785,508
1785,2073
454,454
454,457
1756,231
1756,2299
204,206
204,204
1904,334
544,165
544,2247
544,2073
303,298
303,303
303,156
303,1058
1919,2073
1919,196
1919,2329
585,586
585,583
585,585
585,964
585,1034
585,1350
585,2119
585,1912
253,2267
253,1099
253,168
253,497
253,721
253,910
253,540
253,299
253,253
1922,2340
1922,329
1130,1129
1130,2188
125,2322
125,549
125,129
201,611
111,1566
111,1208
111,1525
111,2243
111,2244
111,2241
111,110
111,2246
24,2328
24,24
24,392
24,27
24,28
1714,497
1714,1549
1714,301
1714,500
1714,212
1714,1716
1714,549
1714,299
901,896
901,901
1840,1838
1932,1665
33,36
33,38
33,33
2286,1945
2286,1719
1115,586
388,1041
388,388
388,827
388,156
388,2157
388,589
289,1003
289,290
289,293
289,289
289,917
478,941
478,516
478,1776
478,1636
478,2022
478,1542
478,478
1946,1665
1950,2015
1950,1900
1950,2220
1950,1192
1032,833
1689,1680
1689,1025
1639,1640
1639,1641
1639,1606
183,182
183,183
777,777
777,372
777,493
777,789
79,79
1809,59
2308,2310
2308,1646
2308,2309
1764,1763
47,44
1419,1419
735,721
1788,1789
1788,1790
381,378
943,2038
943,149
943,429
943,943
1782,508
1782,2073
1537,290
1537,1568
983,500
983,983
599,854
599,599
486,586
486,583
486,1034
486,1817
1250,1249
329,328
329,149
329,2114
329,1966
329,2273
1372,1372
1372,1041
2112,147
165,165
165,171
165,443
165,884
165,490
165,59
165,164
165,128
165,1249
165,2073
165,985
165,121
1000,399
705,703
441,435
441,147
1562,1966
1562,1621
1562,1560
2252,1710
2252,1479
2252,195
1187,2306
1187,811
1187,1710
1187,973
1187,2100
1299,1299
1299,1300
827,831
827,276
827,836
827,622
827,195
827,833
827,827
1230,176
1230,811
387,2215
929,833
1848,1388
1848,1846
1608,1931
88,549
1298,1298
1665,2215
1665,1944
1665,1532
1665,2035
1041,2
1041,1041
846,846
1323,1323
1323,429
1880,1882
918,918
1139,2315
1139,2022
1139,1966
1139,1679
1139,1377
1159,2135
299,298
299,301
299,273
299,280
299,168
299,305
299,307
299,299
964,231
964,1034
2298,2297
2197,147
1830,1828
1072,1069
1058,593
1058,276
1058,1058
1058,558
1058,622
1357,1358
1357,1357
1789,1925
1789,2124
1925,1610
1925,1646
1517,1993
1517,2073
1517,2002
1517,1585
1517,149
1517,2077
1517,1817
1517,2329
231,969
231,1333
231,1680
231,447
231,231
231,233
231,971
231,1131
921,1970
184,2306
168,2267
168,1582
168,540
168,59
2268,1480
2268,2269
2268,156
2268,1587
2268,2058
738,721
825,825
326,326
985,2087
985,598
985,2291
985,1970
985,549
210,322
210,1525
210,321
210,1004
210,325
210,1582
210,2189
210,2267
1682,1680
503,508
503,509
503,263
503,503
63,850
63,60
63,63
1771,884
1771,1773
1533,1496
1533,290
1544,1680
1731,508
1731,1647
1731,194
240,240
836,1480
836,1949
2338,2339
1400,1400
1606,2084
1606,854
1760,1621
2250,334
1912,1945
1912,1525
1912,850
1912,1505
1912,1646
1912,1767
1912,2182
1912,2180
1912,927
1912,128
1912,2177
1912,1577
1912,1501
904,973
904,833
904,1131
2128,2126
2075,2073
2328,569
59,59
59,52
1447,1447
675,671
638,638
431,1412
1302,1301
2073,171
2073,1493
2073,2058
2073,2074
2073,443
18,508
18,18
18,1192
328,328
328,2022
328,149
328,2114
751,751
196,1795
196,1059
196,1971
196,194
1475,334
1366,1364
612,611
2058,399
578,575
578,2267
578,2022
694,694
1670,500
992,508
992,367
992,676
992,269
992,263
992,371
992,993
992,149
992,509
992,672
51,508
51,51
2275,2273
1708,1710
616,708
616,616
156,399
156,1942
156,147
1005,1004
611,611
611,854
611,1966
611,1817
1569,1212
518,2017
518,516
1025,322
1025,1417
1025,1493
1025,1767
1131,1131
1267,811
1267,1273
2127,2126
2127,147
2127,1523
2127,1646
744,176
744,811
2327,683
1199,1350
1711,1710
1568,1567
1568,374
225,218
225,225
225,217
678,671
1599,372
1599,598
1599,2022
1599,374
1599,373
1599,854
558,549
447,447
447,429
447,448
447,2022
217,219
217,911
217,220
217,218
217,217
884,399
884,1249
840,840
1003,290
1003,293
1003,1003
490,171
490,137
490,493
233,233
586,586
586,583
586,676
586,1966
586,1034
586,1817
586,587
586,1113
586,589
1625,1626
1610,2122
1610,2299
1610,1680
1610,2022
1096,212
1699,508
1175,147
1450,1450
1765,1766
530,530
530,532
1136,1136
1136,508
1136,2093
1136,2022
1220,1220
1034,589
1034,1034
1034,1817
1034,1113
1034,1350
1636,508
1636,1577
1636,1487
671,672
671,378
671,676
671,671
885,429
885,885
1429,1429
1429,1073
1335,1335
129,128
129,129
1301,1301
557,549
1679,77
1679,1493
334,2299
334,1647
334,1505
334,1974
334,2260
334,2022
334,334
334,854
1109,1106
44,44
569,429
569,569
194,195
194,194
96,93
1936,1180
1409,1409
440,574
440,435
1496,2299
844,844
171,399
171,1412
357,358
357,359
357,357
357,549
112,112
112,1961
155,155
155,147
155,367
155,149
155,263
155,371
704,703
1059,1059
1059,1900
1161,1905
1161,1161
2122,28
1233,176
149,1497
149,147
149,149
149,1202
149,1971
1256,147
1256,1828
1256,1680
301,298
301,280
301,212
1276,1321
1170,1170
403,212
2306,1587
2306,1647
1963,2146
195,1113
1646,1944
1646,1386
1646,2267
1646,1377
399,147
399,587
399,399
399,396
399,549
399,999
494,494
494,497
494,500
41,40
1106,1108
564,549
443,1249
396,396
2038,128
2038,2039
392,27
392,28
1821,1817
1577,2017
1577,500
350,350
2219,1004
1621,1966
1621,1817
298,298
298,276
1823,1817
2083,1647
1680,1493
1680,1687
1680,1681
1680,1501
1680,1686
1680,1691
1680,1398
1680,1695
469,1377
973,1434
973,1587
973,973
1966,2057
1966,1900
1966,1493
1966,1719
1966,2114
1966,1695
1398,1398
2302,2303
1173,212
1783,508
911,913
911,911
941,508
941,752
941,941
1251,1377
1251,1251
2254,2255
410,410
896,896
1358,500
1358,1358
374,372
1249,1249
1249,121
854,853
854,1501
854,850
854,1641
854,406
854,1763
1209,1208
1231,176
1047,1048
1047,1047
723,721
2056,1526
2056,1479
2056,2057
1212,1208
1474,1474
1273,811
1273,1272
2300,2299
1162,1162
1420,2022
325,321
325,322
325,429
325,325
739,721
589,583
1364,1364
853,850
2110,1767
1501,508
1501,27
1472,1472
1218,1218
516,516
516,2273
587,1350
587,583
587,752
587,2251
2199,147
734,721
93,99
93,93
1548,2035
1548,2299
1548,2022
640,163
211,212
211,211
164,163
433,163
1970,549
1841,1842
622,212
1004,1004
1167,1167
1526,500
1526,2141
1526,1817
405,405
726,721
1961,1375
1961,1388
1944,1945
1466,1466
363,280
1201,508
1201,509
1201,263
1857,147
582,508
582,2189
582,582
1129,147
1129,382
1129,343
1129,1129
119,119
290,1536
290,497
290,1254
290,1497
290,1487
290,1931
290,1535
290,293
290,1539
1386,1387
1386,1388
1386,1386
147,1935
147,382
147,721
147,1942
147,2196
147,343
147,212
147,1828
841,841
1795,2022
767,551
767,770
767,766
767,219
767,759
842,842
2273,1487
2273,1691
1907,1905
1656,2022
1656,1817
910,2267
910,2141
1104,2329
1824,1817
936,936
1073,1069
1183,1407
575,575
367,1202
2146,833
2146,1377
176,1235
176,176
176,811
176,1229
549,2291
549,540
549,429
549,551
549,128
549,2022
549,833
549,2002
380,378
1647,2299
1647,1691
1647,2149
1647,1377
593,593
593,276
593,752
864,864
163,163
2,1350
2057,2201
574,2119
574,574
574,2077
1202,508
1202,263
1202,509
1202,371
1350,2220
1350,429
1350,1350
1350,1582
140,139
372,2251
372,373
372,372
372,2022
2251,1579
382,850
382,382
382,343
1817,1767
1817,669
263,509
831,833
1908,1905
917,917
9,9
1906,1905
1906,1974
27,2220
1426,1426
373,373
373,2267
1993,1515
1195,1195
1900,1767
1254,1377
280,280
280,850
1105,2329
1974,1093
1974,1976
1974,1978
1727,2260
1778,508
1778,1905
450,450
1515,524
752,752
752,276
752,598
752,811
1388,1387
1388,1828
1388,1388
1388,1767
1535,1582
142,142
142,139
276,833
1776,508
540,583
540,540
1417,1417
1931,1487
525,525
1587,811
1587,1585
466,466
1464,1464
509,508
509,509
2015,220
293,293
1641,2333
2293,2291
218,218
721,359
620,212
359,359
1431,1431
708,708
1208,1208
1208,2119
1208,2121
583,583
811,1272
811,811
378,378
139,139
40,40
50,50
1487,508
2029,2022
1407,1407
2299,1976
508,1784
1375,1375
2119,2121
429,850
52,52
524,524
703,703
212,212
434,434
1493,2022
220,833
220,220
128,128
2026,2022
1121,1121
307,2267
358,2352
497,500
2267,406
77,77
850,850
406,406
1412,1412
1691,833
1421,1421
833,833
